Title,Artist,Album,Genre,Year
Shining Skies,The Morning Lights,Sunrise Beats,Pop,2023
Electric Heart,Neon Pulse,City Nights,Electronic,2022
Paper Wings,Luna Vale,Flight Mode,Indie,2021
Golden Streets,The Weekend Drive,Urban Tales,Pop,2023
Crimson Horizon,Scarlet Echo,Nightfall,Rock,2022
Velvet Dreams,Soft Waves,Summer Nights,Indie,2021
City Glow,Pixel Riders,Night Drive,Synthwave,2023
Summer Fade,The Solstice,Heatwave,Pop,2022
Midnight Whisper,Lights & Shadows,After Hours,Electronic,2021
Cotton Candy Sky,Sugar & Spice,Fantasy World,Pop,2023
Neon Mirage,Electric Tide,City Pulse,Synthwave,2022
Starlight Breeze,Crystal Skies,Echoes,Indie,2021
Firefly Nights,Amber Lane,Night Moves,Pop,2023
Ocean Eyes,Lakeview Dream,Blue Horizons,Chill,2022
Rocket Soul,Silver Jet,Outer Limits,Rock,2021
Lemonade Sun,The Summer Club,Beach Days,Pop,2023
Pixel Waves,Retro Beat,Arcade Nights,Electronic,2022
Cloud Nine,The Daydreamers,High Altitude,Indie,2021
Twilight Drive,Ruby Nights,Evening Glow,Pop,2023
Cherry Blossoms,Pastel Horizon,Spring Vibes,Indie,2022
Sunset Boulevard,Golden Hour,City Lights,Pop,2021
Crystal Moon,Velvet Echo,Nightfall,Electronic,2023
Rainbow Trails,Colorwheel,Fantasy Ride,Pop,2022
Silver Lining,Horizon Lights,New Day,Indie,2021
Mystic River,Whispering Trees,Reflections,Chill,2023
Neon Hearts,Lights On,Urban Love,Pop,2022
Autumn Leaves,Falling Sky,Season Change,Indie,2021
Pixel Heart,Retro Horizon,Game On,Electronic,2023
Golden Tide,Sunset Drive,Beach Life,Chill,2022
Midnight City,Ruby Waves,After Dark,Pop,2021
Stardust Dreams,Comet Track,Orbit,Synthwave,2023
Ocean Breeze,Coral Tide,Sea Songs,Chill,2022
Sunshine Smile,Golden Rays,Happy Days,Pop,2021
Electric Sunset,Neon Pulse,Horizon,Electronic,2023
Cotton Clouds,Sugar Rush,Soft Days,Pop,2022
Moonlit Path,Luna Echo,Night Garden,Indie,2021
Highway Echo,Open Road,Drive Time,Pop,2023
Silver River,Lakeview,Flowing Calm,Chill,2022
Neon Nights,City Pulse,After Dark,Electronic,2021
Summer Glow,Sunbeam,Golden Hours,Pop,2023
Pixel Paradise,Retro Waves,Game Night,Electronic,2022
Rainbow Skies,Prism Lights,Color Dance,Pop,2021
Moonflower,Luna Bloom,Night Garden,Indie,2023
Golden Meadow,Sunlit Field,Open Air,Chill,2022
Neon Adventure,City Quest,Urban Tales,Pop,2021
Silver Lanes,Evening Drive,Night Road,Electronic,2023
Cosmic Waves,Stellar Flow,Galaxy Surf,Synthwave,2022
Cherry Glow,Sweet Lights,Color Burst,Pop,2021
Ocean Night,Sea Dreams,Blue Horizon,Chill,2023
Pixel Stars,Retro Night,Game Arcade,Electronic,2022
Rainbow Dreams,Color Sky,Fantasy Land,Pop,2021
Moonlight Whispers,Luna Voice,Night Tunes,Indie,2023
Golden Path,Sunrise Trail,Morning Light,Chill,2022
Neon Groove,City Beat,Urban Pulse,Electronic,2021
Silver Stars,Evening Sky,Nightfall,Pop,2023
Stardust Road,Comet Journey,Galactic Trip,Indie,2022
Midnight Glow,Ruby Moon,After Dark,Chill,2021
Crystal Nights,Ocean View,Summer Moon,Pop,2023
Pixel Glow,Retro Light,Game Night,Electronic,2022
Rainbow Moon,Color Sky,Fantasy Night,Pop,2021
Moonlight Glow,Luna Shine,Night Vibes,Indie,2023
Golden Sunset,Sunrise Club,New Dawn,Chill,2022
Neon Waves,City Surf,Urban Ride,Electronic,2021
Silver Moonlight,Evening Star,Nightfall,Pop,2023
Stardust Glow,Comet Beam,Galactic Night,Indie,2022
Midnight Waves,Ruby Tide,After Hours,Chill,2021
Crystal Glow,Ocean Light,Summer Vibes,Pop,2023
Pixel Glow,Retro Beam,Game Night,Electronic,2022
Rainbow Glow,Color Beam,Fantasy Night,Pop,2021
Moonlight Glow,Luna Beam,Night Vibes,Indie,2023
Golden Glow,Sunrise Beam,Evening Calm,Chill,2022
Neon Glow,City Beam,Urban Nights,Electronic,2021
Silver Glow,Evening Beam,Nightfall,Pop,2023
Cosmic Glow,Stellar Beam,Space Dreams,Synthwave,2022
Cherry Glow,Sweet Beam,Color Splash,Pop,2021
Ocean Glow,Sea Beam,Blue Vibes,Chill,2023
Pixel Nights,Retro Stars,Game Time,Electronic,2022
Rainbow Nights,Color Glow,Fantasy Land,Pop,2021
Moon Waves,Lunar Tide,Night Surf,Indie,2023
Golden Glow,Sunset Light,Evening Calm,Chill,2022
Neon Glow,City Light,Urban Beat,Electronic,2021
Silver Glow,Evening Shine,Nightfall,Pop,2023
Stardust Glow,Comet Light,Galactic Night,Indie,2022
Midnight Glow,Ruby Shine,After Hours,Chill,2021
Crystal Glow,Ocean Star,Summer Night,Pop,2023
Pixel Glow,Retro Beam,Game Night,Electronic,2022
Rainbow Glow,Color Beam,Fantasy Night,Pop,2021
Moonlight Glow,Luna Beam,Night Garden,Indie,2023
Golden Glow,Sunset Beam,Evening Calm,Chill,2022
Neon Glow,City Beam,Urban Pulse,Electronic,2021
Silver Glow,Evening Beam,Nightfall,Pop,2023
Stardust Glow,Comet Beam,Galactic Night,Indie,2022
Midnight Glow,Ruby Beam,After Hours,Chill,2021
Summer Horizon,The Bright Skies,Sunset Vibes,Pop,2023
Electric Pulse,Luna Sparks,City Lights,Electronic,2022
Cherry Fields,Amber Lane,Spring Dreams,Indie,2021
Starlight Avenue,Pixel Riders,Night Drive,Synthwave,2023
Golden Breeze,Sunset Club,Beach Days,Pop,2022
Midnight Lantern,Velvet Echo,After Hours,Electronic,2021
Rainbow Horizon,Colorwheel,Fantasy Ride,Pop,2023